"","Especie","Idade","DAPmed","DAPsd","Hmed","Hsd","Hdom","G","V","N","Sobre","IMA"
"1","E_citriodora",111,16.7761099274074,3.67126287177226,17.6818181818182,5.06632375235104,20.175,4.60026318513851,112.818140192153,1666.66666666667,37.5,12.196555696449
"2","E_grandis",111,18.13868992,3.59660737561492,16.6,3.16543835826888,18.95,6.32487814090814,169.607499875981,1666.66666666667,44.4444444444444,18.3359459325385
"3","E_paniculata",111,15.0377306838182,2.32827730743165,18.875,1.82737125792372,18,4.41890530264941,131.76827829794,1481.48148148148,51.5625,14.2452192754529
"4","E_pellita",111,17.6779879377778,2.16425782322241,19.7166666666667,1.52370163308525,21,4.95346543016303,151.410144757491,1481.48148148148,42.1875,16.3686642981072
"5","E_propinqua",111,16.0680177966667,2.96954559661099,19.7727272727273,3.22772083956804,23.5,3.70322183223033,115.495892291669,1458.33333333333,38.0952380952381,12.4860424099101
"6","E_saligna",111,16.5027211684828,4.12337769917759,17.0727272727273,1.32596448601832,18.125,4.84601689535769,128.609026460203,1666.66666666667,40.2777777777778,13.9036785362382
"7","E_tereticornis",111,15.3025204151429,2.05946225563439,19.3909090909091,3.21883660518969,18.5,4.82642168377098,146.439686092766,1666.66666666667,48.6111111111111,15.8313174154341
"8","E_urophylla",111,17.0466312260714,2.87372807946343,19.53,2.96799595687056,21.5,4.83763209805073,147.964363619394,1481.48148148148,43.75,15.9961474183129
"9","E_urophylla_grandis",111,16.10412239,1.0938196950562,23.3333333333333,1.83517813518982,NA,4.0702326066923,148.485116882615,1481.48148148148,42.1875,16.0524450683908
